Title,Price,Rating,Availability,Category
Sharp Objects,47.82,Four,In stock,Mystery
"In a Dark, Dark Wood",19.63,One,In stock,Mystery
The Past Never Ends,56.5,Four,In stock,Mystery
A Murder in Time,16.64,One,In stock,Mystery
The Murder of Roger Ackroyd (Hercule Poirot #4),44.1,Four,In stock,Mystery
The Last Mile (Amos Decker #2),54.21,Two,In stock,Mystery
That Darkness (Gardiner and Renner #1),13.92,One,In stock,Mystery
Tastes Like Fear (DI Marnie Rome #3),10.69,One,In stock,Mystery
A Time of Torment (Charlie Parker #14),48.35,Five,In stock,Mystery
A Study in Scarlet (Sherlock Holmes #1),16.73,Two,In stock,Mystery
Poisonous (Max Revere Novels #3),26.8,Three,In stock,Mystery
Murder at the 42nd Street Library (Raymond Ambler #1),54.36,Four,In stock,Mystery
Most Wanted,35.28,Three,In stock,Mystery
Hide Away (Eve Duncan #20),11.84,One,In stock,Mystery
Boar Island (Anna Pigeon #19),59.48,Three,In stock,Mystery
The Widow,27.26,Two,In stock,Mystery
Playing with Fire,13.71,Three,In stock,Mystery
What Happened on Beale Street (Secrets of the South Mysteries #2),25.37,Five,In stock,Mystery
The Bachelor Girl's Guide to Murder (Herringford and Watts Mysteries #1),52.3,Five,In stock,Mystery
Delivering the Truth (Quaker Midwife Mystery #1),20.89,Four,In stock,Mystery
The Mysterious Affair at Styles (Hercule Poirot #1),24.8,Four,In stock,Mystery
In the Woods (Dublin Murder Squad #1),38.38,Two,In stock,Mystery
The Silkworm (Cormoran Strike #2),23.05,Five,In stock,Mystery
The Exiled,43.45,Three,In stock,Mystery
The Cuckoo's Calling (Cormoran Strike #1),19.21,One,In stock,Mystery
Extreme Prey (Lucas Davenport #26),25.4,Three,In stock,Mystery
Career of Evil (Cormoran Strike #3),24.72,Two,In stock,Mystery
The No. 1 Ladies' Detective Agency (No. 1 Ladies' Detective Agency #1),57.7,Four,In stock,Mystery
The Girl You Lost,12.29,Five,In stock,Mystery
The Girl In The Ice (DCI Erika Foster #1),15.85,Three,In stock,Mystery
Blood Defense (Samantha Brinkman #1),20.3,Three,In stock,Mystery
1st to Die (Women's Murder Club #1),53.98,One,In stock,Mystery
Tipping the Velvet,53.74,One,In stock,Historical Fiction
Forever and Forever: The Courtship of Henry Longfellow and Fanny Appleton,29.69,Three,In stock,Historical Fiction
A Flight of Arrows (The Pathfinders #2),55.53,Five,In stock,Historical Fiction
The House by the Lake,36.95,One,In stock,Historical Fiction
Mrs. Houdini,30.25,Five,In stock,Historical Fiction
The Marriage of Opposites,28.08,Four,In stock,Historical Fiction
Glory over Everything: Beyond The Kitchen House,45.84,Three,In stock,Historical Fiction
"Love, Lies and Spies",20.55,Two,In stock,Historical Fiction
A Paris Apartment,39.01,Four,In stock,Historical Fiction
Lilac Girls,17.28,Two,In stock,Historical Fiction
The Constant Princess (The Tudor Court #1),16.62,Three,In stock,Historical Fiction
The Invention of Wings,37.34,One,In stock,Historical Fiction
World Without End (The Pillars of the Earth #2),32.97,Four,In stock,Historical Fiction
The Passion of Dolssa,28.32,Five,In stock,Historical Fiction
Girl With a Pearl Earring,26.77,One,In stock,Historical Fiction
Voyager (Outlander #3),21.07,Five,In stock,Historical Fiction
The Red Tent,35.66,Five,In stock,Historical Fiction
The Last Painting of Sara de Vos,55.55,Two,In stock,Historical Fiction
The Guernsey Literary and Potato Peel Pie Society,49.53,One,In stock,Historical Fiction
Girl in the Blue Coat,46.83,Two,In stock,Historical Fiction
Between Shades of Gray,20.79,Five,In stock,Historical Fiction
While You Were Mine,41.32,Five,In stock,Historical Fiction
The Secret Healer,34.56,Three,In stock,Historical Fiction
Starlark,25.83,Three,In stock,Historical Fiction
Lost Among the Living,27.7,Four,In stock,Historical Fiction
A Spy's Devotion (The Regency Spies of London #1),16.97,Five,In stock,Historical Fiction
Scott Pilgrim's Precious Little Life (Scott Pilgrim #1),52.29,Five,In stock,Sequential Art
Tsubasa: WoRLD CHRoNiCLE 2 (Tsubasa WoRLD CHRoNiCLE #2),16.28,One,In stock,Sequential Art
This One Summer,19.49,Four,In stock,Sequential Art
The Nameless City (The Nameless City #1),38.16,Four,In stock,Sequential Art
"Saga, Volume 5 (Saga (Collected Editions) #5)",51.04,Two,In stock,Sequential Art
"Rat Queens, Vol. 3: Demons (Rat Queens (Collected Editions) #11-15)",50.4,Three,In stock,Sequential Art
"Princess Jellyfish 2-in-1 Omnibus, Vol. 01 (Princess Jellyfish 2-in-1 Omnibus #1)",13.61,Five,In stock,Sequential Art
"Pop Gun War, Volume 1: Gift",18.97,One,In stock,Sequential Art
Patience,10.16,Three,In stock,Sequential Art
"Outcast, Vol. 1: A Darkness Surrounds Him (Outcast #1)",15.44,Four,In stock,Sequential Art
orange: The Complete Collection 1 (orange: The Complete Collection #1),48.41,One,In stock,Sequential Art
"Lumberjanes, Vol. 2: Friendship to the Max (Lumberjanes #5-8)",46.91,Two,In stock,Sequential Art
"Lumberjanes, Vol. 1: Beware the Kitten Holy (Lumberjanes #1-4)",45.61,Three,In stock,Sequential Art
Lumberjanes Vol. 3: A Terrible Plan (Lumberjanes #9-12),19.92,Two,In stock,Sequential Art
"I Hate Fairyland, Vol. 1: Madly Ever After (I Hate Fairyland (Compilations) #1-5)",29.17,Two,In stock,Sequential Art
I am a Hero Omnibus Volume 1,54.63,Three,In stock,Sequential Art
"Giant Days, Vol. 2 (Giant Days #5-8)",22.11,Two,In stock,Sequential Art
Danganronpa Volume 1,51.99,Four,In stock,Sequential Art
"Codename Baboushka, Volume 1: The Conclave of Death",36.72,Four,In stock,Sequential Art
Camp Midnight,17.08,Four,In stock,Sequential Art
"Bitch Planet, Vol. 1: Extraordinary Machine (Bitch Planet (Collected Editions))",37.92,Two,In stock,Sequential Art
The Shadow Hero (The Shadow Hero),33.14,One,In stock,Sequential Art
"Fables, Vol. 1: Legends in Exile (Fables #1)",41.62,Four,In stock,Sequential Art
Batman: The Long Halloween (Batman),36.5,Two,In stock,Sequential Art
Batman: The Dark Knight Returns (Batman),15.38,Five,In stock,Sequential Art
"Wonder Woman: Earth One, Volume One (Wonder Woman: Earth One #1)",37.34,Four,In stock,Sequential Art
"We Are Robin, Vol. 1: The Vigilante Business (We Are Robin #1)",53.9,One,In stock,Sequential Art
Through the Woods,25.38,Two,In stock,Sequential Art
Superman Vol. 1: Before Truth (Superman by Gene Luen Yang #1),11.89,Five,In stock,Sequential Art
"So Cute It Hurts!!, Vol. 6 (So Cute It Hurts!! #6)",35.43,Four,In stock,Sequential Art
Robin War,47.82,Three,In stock,Sequential Art
"Red Hood/Arsenal, Vol. 1: Open for Business (Red Hood/Arsenal #1)",25.48,Two,In stock,Sequential Art
"Naruto (3-in-1 Edition), Vol. 14: Includes Vols. 40, 41 & 42 (Naruto: Omnibus #14)",38.39,Two,In stock,Sequential Art
Lowriders to the Center of the Earth (Lowriders in Space #2),51.51,Two,In stock,Sequential Art
El Deafo,57.62,Five,In stock,Sequential Art
Batman: Europa,32.01,Two,In stock,Sequential Art
Art Ops Vol. 1,48.8,Three,In stock,Sequential Art
"Adulthood Is a Myth: A ""Sarah's Scribbles"" Collection",10.9,Two,In stock,Sequential Art
"Fruits Basket, Vol. 9 (Fruits Basket #9)",33.95,Four,In stock,Sequential Art
Roller Girl,14.1,Five,In stock,Sequential Art
Chase Me (Paris Nights #2),25.27,Five,In stock,Romance
Black Dust,34.53,Five,In stock,Romance
Her Backup Boyfriend (The Sorensen Family #1),33.97,One,In stock,Romance
First and First (Five Boroughs #3),15.97,Four,In stock,Romance
Fifty Shades Darker (Fifty Shades #2),21.96,One,In stock,Romance
The Wedding Dress,24.12,One,In stock,Romance
Suddenly in Love (Lake Haven #1),55.99,Two,In stock,Romance
Something More Than This,16.24,Four,In stock,Romance
Doing It Over (Most Likely To #1),35.61,Three,In stock,Romance
The Wedding Pact (The O'Malleys #2),32.61,Three,In stock,Romance
Hold Your Breath (Search and Rescue #1),28.82,One,In stock,Romance
Dirty (Dive Bar #1),40.83,Four,In stock,Romance
Take Me Home Tonight (Rock Star Romance #3),53.98,Three,In stock,Romance
Off the Hook (Fishing for Trouble #1),47.67,Three,In stock,Romance
A Gentleman's Position (Society of Gentlemen #3),14.75,Five,In stock,Romance
"Sit, Stay, Love",20.9,Three,In stock,Romance
A Girl's Guide to Moving On (New Beginnings #2),31.3,One,In stock,Romance
The Perfect Play (Play by Play #1),59.99,Three,In stock,Romance
Dark Lover (Black Dagger Brotherhood #1),12.87,One,In stock,Romance
Changing the Game (Play by Play #2),13.38,Three,In stock,Romance
A Walk to Remember,56.43,One,In stock,Romance
The Purest Hook (Second Circle Tattoos #3),12.25,One,In stock,Romance
The Obsession,45.43,One,In stock,Romance
Reservations for Two,11.1,Three,In stock,Romance
Best of My Love (Fool's Gold #20),27.41,Two,In stock,Romance
Where Lightning Strikes (Bleeding Stars #3),39.77,Three,In stock,Romance
This One Moment (Pushing Limits #1),48.71,One,In stock,Romance
"Rhythm, Chord & Malykhin",28.34,Two,In stock,Romance
My Perfect Mistake (Over the Top #1),38.92,Two,In stock,Romance
Listen to Me (Fusion #1),58.99,Three,In stock,Romance
Imperfect Harmony,34.74,Four,In stock,Romance
Fighting Fate (Fighting #6),39.24,Three,In stock,Romance
Deep Under (Walker Security #1),47.09,Five,In stock,Romance
Charity's Cross (Charles Towne Belles #4),41.24,One,In stock,Romance
Bounty (Colorado Mountain #7),37.26,Four,In stock,Romance
Soumission,50.1,One,In stock,Fiction
Private Paris (Private #10),47.61,Five,In stock,Fiction
"We Love You, Charlie Freeman",50.27,Five,In stock,Fiction
Thirst,17.27,Five,In stock,Fiction
The Murder That Never Was (Forensic Instincts #5),54.11,Three,In stock,Fiction
Tuesday Nights in 1980,21.04,Two,In stock,Fiction
The Vacationers,42.15,Four,In stock,Fiction
The Regional Office Is Under Attack!,51.36,Five,In stock,Fiction
Finders Keepers (Bill Hodges Trilogy #2),53.53,Five,In stock,Fiction
The Time Keeper,27.88,Five,In stock,Fiction
The Testament of Mary,52.67,Four,In stock,Fiction
The First Hostage (J.B. Collins #2),25.85,Three,In stock,Fiction
Take Me with You,45.21,Three,In stock,Fiction
Still Life with Bread Crumbs,26.41,Three,In stock,Fiction
Shtum,55.84,Four,In stock,Fiction
My Name Is Lucy Barton,41.56,One,In stock,Fiction
My Mrs. Brown,24.48,Three,In stock,Fiction
Mr. Mercedes (Bill Hodges Trilogy #1),28.9,One,In stock,Fiction
I Am Pilgrim (Pilgrim #1),10.6,Four,In stock,Fiction
Eligible (The Austen Project #4),27.09,Three,In stock,Fiction
Eight Hundred Grapes,14.39,Four,In stock,Fiction
Dear Mr. Knightley,11.21,Five,In stock,Fiction
Cometh the Hour (The Clifton Chronicles #6),25.01,Three,In stock,Fiction
Balloon Animals,17.03,Three,In stock,Fiction
A Man Called Ove,39.72,One,In stock,Fiction
The Silent Sister (Riley MacPherson #1),46.29,Five,In stock,Fiction
The Dinner Party,56.54,Two,In stock,Fiction
The Improbability of Love,59.45,One,In stock,Fiction
Mothering Sunday,13.34,Two,In stock,Fiction
Lies and Other Acts of Love,45.14,One,In stock,Fiction
Daredevils,16.34,Three,In stock,Fiction
11/22/63,48.48,Three,In stock,Fiction
The Shack,28.03,One,In stock,Fiction
The High Mountains of Portugal,51.15,One,In stock,Fiction
Miller's Valley,58.54,Two,In stock,Fiction
Hystopia: A Novel,21.96,Four,In stock,Fiction
The Bourne Identity (Jason Bourne #1),42.78,Four,In stock,Fiction
Sister Dear,40.2,Four,In stock,Fiction
Memoirs of a Geisha,49.67,Three,In stock,Fiction
Me Before You (Me Before You #1),19.02,One,In stock,Fiction
Birdsong: A Story in Pictures,54.64,Three,In stock,Childrens
The Bear and the Piano,36.89,One,In stock,Childrens
The Secret of Dreadwillow Carse,56.13,One,In stock,Childrens
The White Cat and the Monk: A Retelling of the Poem âPangur BÃ¡nâ,58.08,Four,In stock,Childrens
Little Red,13.47,Three,In stock,Childrens
Walt Disney's Alice in Wonderland,12.96,Five,In stock,Childrens
Twenty Yawns,22.08,Two,In stock,Childrens
Rain Fish,23.57,Three,In stock,Childrens
Once Was a Time,18.28,Two,In stock,Childrens
Luis Paints the World,53.95,Three,In stock,Childrens
Nap-a-Roo,25.08,One,In stock,Childrens
The Whale,35.96,Four,In stock,Childrens
"Shrunken Treasures: Literary Classics, Short, Sweet, and Silly",52.87,Three,In stock,Childrens
Raymie Nightingale,34.41,Two,In stock,Childrens
Playing from the Heart,32.38,One,In stock,Childrens
Maybe Something Beautiful: How Art Transformed a Neighborhood,22.54,One,In stock,Childrens
The Wild Robot,56.07,Three,In stock,Childrens
The Thing About Jellyfish,48.77,One,In stock,Childrens
The Lonely Ones,43.59,Five,In stock,Childrens
The Day the Crayons Came Home (Crayons),26.33,Five,In stock,Childrens
The Cat in the Hat (Beginner Books B-1),16.26,Two,In stock,Childrens
Red: The True Story of Red Riding Hood,28.54,Three,In stock,Childrens
Horrible Bear!,37.52,Two,In stock,Childrens
Green Eggs and Ham (Beginner Books B-16),10.79,Four,In stock,Childrens
Counting Thyme,10.62,One,In stock,Childrens
Are We There Yet?,10.66,Three,In stock,Childrens
Diary of a Minecraft Zombie Book 1: A Scare of a Dare (An Unofficial Minecraft Book),52.88,Four,In stock,Childrens
Matilda,28.34,One,In stock,Childrens
Charlie and the Chocolate Factory (Charlie Bucket #1),22.85,Three,In stock,Childrens
Worlds Elsewhere: Journeys Around Shakespeareâs Globe,40.3,Five,In stock,Nonfiction
The Five Love Languages: How to Express Heartfelt Commitment to Your Mate,31.05,Three,In stock,Nonfiction
Reasons to Stay Alive,26.41,Two,In stock,Nonfiction
#HigherSelfie: Wake Up Your Life. Free Your Soul. Find Your Tribe.,23.11,Five,In stock,Nonfiction
"Unseen City: The Majesty of Pigeons, the Discreet Charm of Snails & Other Wonders of the Urban Wilderness",44.18,Four,In stock,Nonfiction
Throwing Rocks at the Google Bus: How Growth Became the Enemy of Prosperity,31.12,Three,In stock,Nonfiction
The Life-Changing Magic of Tidying Up: The Japanese Art of Decluttering and Organizing,16.77,Three,In stock,Nonfiction
The Gutsy Girl: Escapades for Your Life of Epic Adventure,37.13,One,In stock,Nonfiction
The Electric Pencil: Drawings from Inside State Hospital No. 3,56.06,One,In stock,Nonfiction
Spark Joy: An Illustrated Master Class on the Art of Organizing and Tidying Up,41.83,Four,In stock,Nonfiction
Reskilling America: Learning to Labor in the Twenty-First Century,19.83,Two,In stock,Nonfiction
In the Country We Love: My Family Divided,22.0,Four,In stock,Nonfiction
Everydata: The Misinformation Hidden in the Little Data You Consume Every Day,54.35,Two,In stock,Nonfiction
Call the Nurse: True Stories of a Country Nurse on a Scottish Isle,29.14,Five,In stock,Nonfiction
Algorithms to Live By: The Computer Science of Human Decisions,30.81,One,In stock,Nonfiction
The Power of Now: A Guide to Spiritual Enlightenment,43.54,Two,In stock,Nonfiction
The Omnivore's Dilemma: A Natural History of Four Meals,38.21,Two,In stock,Nonfiction
The Genius of Birds,17.24,One,In stock,Nonfiction
The Artist's Way: A Spiritual Path to Higher Creativity,38.49,Five,In stock,Nonfiction
So You've Been Publicly Shamed,12.23,Two,In stock,Nonfiction
"Daring Greatly: How the Courage to Be Vulnerable Transforms the Way We Live, Love, Parent, and Lead",19.43,Three,In stock,Nonfiction
Big Magic: Creative Living Beyond Fear,30.8,Three,In stock,Nonfiction
Becoming Wise: An Inquiry into the Mystery and Art of Living,27.43,Two,In stock,Nonfiction
Agnostic: A Spirited Manifesto,12.51,Five,In stock,Nonfiction
Whole Lotta Creativity Going On: 60 Fun and Unusual Exercises to Awaken and Strengthen Your Creativity,38.2,Four,In stock,Nonfiction
What's It Like in Space?: Stories from Astronauts Who've Been There,19.6,Two,In stock,Nonfiction
The Year of Magical Thinking,43.04,Two,In stock,Nonfiction
The Literature Book (Big Ideas Simply Explained),17.43,Three,In stock,Nonfiction
The Bad-Ass Librarians of Timbuktu: And Their Race to Save the Worldâs Most Precious Manuscripts,15.77,One,In stock,Nonfiction
Swell: A Year of Waves,45.58,One,In stock,Nonfiction
No Dream Is Too High: Life Lessons From a Man Who Walked on the Moon,21.95,Two,In stock,Nonfiction
Looking for Lovely: Collecting the Moments that Matter,29.14,Five,In stock,Nonfiction
Let It Out: A Journey Through Journaling,26.79,Five,In stock,Nonfiction
Hamilton: The Revolution,58.79,Three,In stock,Nonfiction
"Far & Away: Places on the Brink of Change: Seven Continents, Twenty-Five Years",15.06,Four,In stock,Nonfiction
"Eaternity: More than 150 Deliciously Easy Vegan Recipes for a Long, Healthy, Satisfied, Joyful Life",51.75,Five,In stock,Nonfiction
Buying In: The Secret Dialogue Between What We Buy and Who We Are,37.8,Four,In stock,Nonfiction
Brain on Fire: My Month of Madness,49.32,Five,In stock,Nonfiction
Abstract City,56.37,Five,In stock,Nonfiction
13 Hours: The Inside Account of What Really Happened In Benghazi,27.06,One,In stock,Nonfiction
"The Coming Woman: A Novel Based on the Life of the Infamous Feminist, Victoria Woodhull",17.93,Three,In stock,Default
The Boys in the Boat: Nine Americans and Their Epic Quest for Gold at the 1936 Berlin Olympics,22.6,Four,In stock,Default
"Starving Hearts (Triangular Trade Trilogy, #1)",13.99,Two,In stock,Default
America's Cradle of Quarterbacks: Western Pennsylvania's Football Factory from Johnny Unitas to Joe Montana,22.5,Three,In stock,Default
Aladdin and His Wonderful Lamp,53.13,Three,In stock,Default
Penny Maybe,33.29,Three,In stock,Default
Maude (1883-1993):She Grew Up with the country,18.02,Two,In stock,Default
"The Inefficiency Assassin: Time Management Tactics for Working Smarter, Not Longer",20.59,Five,In stock,Default
Soul Reader,39.58,Two,In stock,Default
Bossypants,49.46,Two,In stock,Default
A World of Flavor: Your Gluten Free Passport,42.95,One,In stock,Default
"A Piece of Sky, a Grain of Rice: A Memoir in Four Meditations",56.76,Five,In stock,Default
Tracing Numbers on a Train,41.6,Three,In stock,Default
Thirteen Reasons Why,52.72,One,In stock,Default
The Secret (The Secret #1),27.37,Four,In stock,Default
The Psychopath Test: A Journey Through the Madness Industry,36.0,Two,In stock,Default
The Kite Runner,41.82,Four,In stock,Default
The Girl on the Train,55.02,Two,In stock,Default
The Emerald Mystery,23.15,Two,In stock,Default
The Bridge to Consciousness: I'm Writing the Bridge Between Science and Our Old and New Beliefs.,32.0,Three,In stock,Default
The Art of War,33.34,Five,In stock,Default
Secrets and Lace (Fatal Hearts #1),20.27,One,In stock,Default
Romero and Juliet: A Tragic Tale of Love and Zombies,36.94,One,In stock,Default
Poses for Artists Volume 1 - Dynamic and Sitting Poses: An Essential Reference for Figure Drawing and the Human Form,41.06,One,In stock,Default
Miss Peregrineâs Home for Peculiar Children (Miss Peregrineâs Peculiar Children #1),10.76,One,In stock,Default
Large Print Heart of the Pride,19.15,Two,In stock,Default
Grumbles,22.16,Two,In stock,Default
First Steps for New Christians (Print Edition),29.0,One,In stock,Default
Eureka Trivia 6.0,54.59,Four,In stock,Default
Drive: The Surprising Truth About What Motivates Us,34.95,Four,In stock,Default
Done Rubbed Out (Reightman & Bailey #1),37.72,Five,In stock,Default
Beauty Restored (Riley Family Legacy Novellas #3),11.11,Two,In stock,Default
Ayumi's Violin,15.48,Two,In stock,Default
Anonymous,46.82,Four,In stock,Default
Amy Meets the Saints and Sages,18.46,Three,In stock,Default
Amatus,50.54,Five,In stock,Default
V for Vendetta (V for Vendetta Complete),37.1,Four,In stock,Default
"Unbroken: A World War II Story of Survival, Resilience, and Redemption",45.95,Two,In stock,Default
The Wright Brothers,56.8,Four,In stock,Default
The Songs of the Gods,44.48,Five,In stock,Default
The Torch Is Passed: A Harding Family Story,19.09,One,In stock,Add a comment
"The Mindfulness and Acceptance Workbook for Anxiety: A Guide to Breaking Free from Anxiety, Phobias, and Worry Using Acceptance and Commitment Therapy",23.89,Four,In stock,Add a comment
The Art Forger,40.76,Three,In stock,Add a comment
On a Midnight Clear,14.07,Three,In stock,Add a comment
Judo: Seven Steps to Black Belt (an Introductory Guide for Beginners),53.9,Two,In stock,Add a comment
"Shobu Samurai, Project Aryoku (#3)",29.06,Three,In stock,Add a comment
Modern Romance,28.26,Five,In stock,Add a comment
The White Queen (The Cousins' War #1),25.91,Five,In stock,Add a comment
The Song of Achilles,37.4,Five,In stock,Add a comment
The Immortal Life of Henrietta Lacks,40.67,Two,In stock,Add a comment
The Dovekeepers,48.78,One,In stock,Add a comment
More Than Music (Chasing the Dream #1),37.61,Two,In stock,Add a comment
Code Name Verity (Code Name Verity #1),22.13,Four,In stock,Add a comment
Cell,20.29,Four,In stock,Add a comment
Angels Walking (Angels Walking #1),34.2,Two,In stock,Add a comment
"A Series of Catastrophes and Miracles: A True Story of Love, Science, and Cancer",56.48,Two,In stock,Add a comment
A People's History of the United States,40.79,Two,In stock,Add a comment
A Brush of Wings (Angels Walking #3),55.51,One,In stock,Add a comment
Rook,37.86,Four,In stock,Add a comment
The Midnight Watch: A Novel of the Titanic and the Californian,26.2,One,In stock,Add a comment
The Gray Rhino: How to Recognize and Act on the Obvious Dangers We Ignore,59.15,Four,In stock,Add a comment
The Children,11.88,Three,In stock,Add a comment
One with You (Crossfire #5),15.71,Four,In stock,Add a comment
Without Shame,48.27,Five,In stock,Add a comment
Watchmen,58.05,Four,In stock,Add a comment
A Hero's Curse (The Unseen Chronicles #1),50.49,Three,In stock,Add a comment
23 Degrees South: A Tropical Tale of Changing Whether...,35.79,Two,In stock,Add a comment
The Glass Castle,16.24,One,In stock,Add a comment
The Drowning Girls,35.67,Three,In stock,Add a comment
Team of Rivals: The Political Genius of Abraham Lincoln,20.12,Five,In stock,Add a comment
John Adams,57.43,Four,In stock,Add a comment
Good in Bed (Cannie Shapiro #1),37.05,Five,In stock,Add a comment
The Joy of Cooking,43.27,Four,In stock,Add a comment
The Golden Compass (His Dark Materials #1),18.77,One,In stock,Add a comment
The God Delusion,46.85,Three,In stock,Add a comment
Pride and Prejudice,19.27,Four,In stock,Add a comment
Mere Christianity,48.51,Three,In stock,Add a comment
Fun Home: A Family Tragicomic,56.59,Four,In stock,Add a comment
The Raven King (The Raven Cycle #4),30.57,Two,In stock,Add a comment
Find Her (Detective D.D. Warren #8),22.37,One,In stock,Add a comment
Unicorn Tracks,18.78,Three,In stock,Fantasy
"Saga, Volume 6 (Saga (Collected Editions) #6)",25.02,Three,In stock,Fantasy
Princess Between Worlds (Wide-Awake Princess #5),13.34,Five,In stock,Fantasy
Masks and Shadows,56.4,Two,In stock,Fantasy
Crown of Midnight (Throne of Glass #2),43.29,Three,In stock,Fantasy
"Avatar: The Last Airbender: Smoke and Shadow, Part 3 (Smoke and Shadow #3)",28.09,Two,In stock,Fantasy
A Court of Thorns and Roses (A Court of Thorns and Roses #1),52.37,One,In stock,Fantasy
Throne of Glass (Throne of Glass #1),35.07,Three,In stock,Fantasy
The Glittering Court (The Glittering Court #1),44.28,One,In stock,Fantasy
Hollow City (Miss Peregrineâs Peculiar Children #2),42.98,One,In stock,Fantasy
The Star-Touched Queen,46.02,Five,In stock,Fantasy
The Hidden Oracle (The Trials of Apollo #1),52.26,Two,In stock,Fantasy
The Bane Chronicles (The Bane Chronicles #1-11),44.73,Four,In stock,Fantasy
Island of Dragons (Unwanteds #7),29.65,One,In stock,Fantasy
Demigods & Magicians: Percy and Annabeth Meet the Kanes (Percy Jackson & Kane Chronicles Crossover #1-3),37.51,Five,In stock,Fantasy
City of Glass (The Mortal Instruments #3),56.02,Four,In stock,Fantasy
Searching for Meaning in Gailana,38.73,One,In stock,Fantasy
The Star-Touched Queen,32.3,Five,In stock,Fantasy
A Shard of Ice (The Black Symphony Saga #1),56.63,Three,In stock,Fantasy
King's Folly (The Kinsman Chronicles #1),39.61,Five,In stock,Fantasy
Every Heart a Doorway (Every Heart A Doorway #1),12.16,Five,In stock,Fantasy
A Gathering of Shadows (Shades of Magic #2),44.81,Four,In stock,Fantasy
The Raven Boys (The Raven Cycle #1),57.74,Four,In stock,Fantasy
The False Prince (The Ascendance Trilogy #1),56.0,Five,In stock,Fantasy
Tell the Wind and Fire,45.51,Three,In stock,Fantasy
A Feast for Crows (A Song of Ice and Fire #4),17.21,Four,In stock,Fantasy
The Demonists (Demonist #1),52.11,Two,In stock,Fantasy
The Beast (Black Dagger Brotherhood #14),46.08,Five,In stock,Fantasy
Paper and Fire (The Great Library #2),49.45,Five,In stock,Fantasy
Harry Potter and the Order of the Phoenix (Harry Potter #5),31.63,Four,In stock,Fantasy
Harry Potter and the Half-Blood Prince (Harry Potter #6),48.75,Five,In stock,Fantasy
Harry Potter and the Chamber of Secrets (Harry Potter #2),14.74,One,In stock,Fantasy
The Rose & the Dagger (The Wrath and the Dawn #2),58.64,Four,In stock,Fantasy
Soldier (Talon #3),24.72,Two,In stock,Fantasy
Midnight Riot (Peter Grant/ Rivers of London - books #1),55.46,Two,In stock,Fantasy
Heir to the Sky,44.07,Four,In stock,Fantasy
Eragon (The Inheritance Cycle #1),43.87,Three,In stock,Fantasy
Darkfever (Fever #1),56.02,One,In stock,Fantasy
Ash,22.06,Four,In stock,Fantasy
A Storm of Swords (A Song of Ice and Fire #3),31.22,Two,In stock,Fantasy
The Requiem Red,22.65,One,In stock,Young Adult
Set Me Free,17.46,Five,In stock,Young Adult
The Natural History of Us (The Fine Art of Pretending #2),45.22,Three,In stock,Young Adult
Obsidian (Lux #1),14.86,Two,In stock,Young Adult
Burning,28.81,Three,In stock,Young Adult
A Fierce and Subtle Poison,28.13,Four,In stock,Young Adult
Scarlett Epstein Hates It Here,43.55,Five,In stock,Young Adult
"Nightingale, Sing",38.28,One,In stock,Young Adult
Library of Souls (Miss Peregrineâs Peculiar Children #3),48.56,Five,In stock,Young Adult
Frostbite (Vampire Academy #2),29.99,Five,In stock,Young Adult
Wild Swans,14.36,Two,In stock,Young Adult
Until Friday Night (The Field Party #1),46.31,Two,In stock,Young Adult
This Is Where It Ends,27.12,Two,In stock,Young Adult
The Darkest Lie,35.35,Five,In stock,Young Adult
My Kind of Crazy,40.36,One,In stock,Young Adult
Don't Get Caught,55.35,One,In stock,Young Adult
Catching Jordan (Hundred Oaks),50.83,Three,In stock,Young Adult
Aristotle and Dante Discover the Secrets of the Universe (Aristotle and Dante Discover the Secrets of the Universe #1),58.14,Four,In stock,Young Adult
The Epidemic (The Program 0.6),14.44,Five,In stock,Young Adult
Stars Above (The Lunar Chronicles #4.5),48.05,Two,In stock,Young Adult
No Love Allowed (Dodge Cove #1),54.65,Four,In stock,Young Adult
"Exit, Pursued by a Bear",51.34,Four,In stock,Young Adult
The Alien Club,54.4,One,In stock,Young Adult
Don't Forget Steven,33.23,One,In stock,Young Adult
South of Sunshine,28.93,One,In stock,Young Adult
My Life Next Door (My Life Next Door ),36.39,Five,In stock,Young Adult
Future Shock (Future Shock #1),55.65,Five,In stock,Young Adult
Nightstruck: A Novel,50.35,Four,In stock,Young Adult
Tell the Wolves I'm Home,50.96,Two,In stock,Young Adult
"Will Grayson, Will Grayson (Will Grayson, Will Grayson)",47.31,Four,In stock,Young Adult
Where She Went (If I Stay #2),41.73,Four,In stock,Young Adult
Two Summers,14.64,One,In stock,Young Adult
The Darkest Corners,11.33,Five,In stock,Young Adult
Tell Me Three Things,41.81,One,In stock,Young Adult
Lola and the Boy Next Door (Anna and the French Kiss #2),23.63,Four,In stock,Young Adult
Kill the Boy Band,15.52,Five,In stock,Young Adult
Isla and the Happily Ever After (Anna and the French Kiss #3),48.13,Five,In stock,Young Adult
An Abundance of Katherines,10.0,Five,In stock,Young Adult
Harry Potter and the Prisoner of Azkaban (Harry Potter #3),24.17,Four,In stock,Young Adult
Walk the Edge (Thunder Road #2),32.36,Three,In stock,Young Adult
"Foolproof Preserving: A Guide to Small Batch Jams, Jellies, Pickles, Condiments, and More: A Foolproof Guide to Making Small Batch Jams, Jellies, Pickles, Condiments, and More",30.52,Three,In stock,Food and Drink
"The Pioneer Woman Cooks: Dinnertime: Comfort Classics, Freezer Food, 16-Minute Meals, and Other Delicious Ways to Solve Supper!",56.41,One,In stock,Food and Drink
My Paris Kitchen: Recipes and Stories,33.37,Two,In stock,Food and Drink
"Mama Tried: Traditional Italian Cooking for the Screwed, Crude, Vegan, and Tattooed",14.02,Four,In stock,Food and Drink
"Layered: Baking, Building, and Styling Spectacular Cakes",40.11,One,In stock,Food and Drink
The Nerdy Nummies Cookbook: Sweet Treats for the Geek in All of Us,37.34,Five,In stock,Food and Drink
The Love and Lemons Cookbook: An Apple-to-Zucchini Celebration of Impromptu Cooking,37.6,Two,In stock,Food and Drink
The Cookies & Cups Cookbook: 125+ sweet & savory recipes reminding you to Always Eat Dessert First,41.25,One,In stock,Food and Drink
"Deliciously Ella Every Day: Quick and Easy Recipes for Gluten-Free Snacks, Packed Lunches, and Simple Meals",42.16,Three,In stock,Food and Drink
The Help Yourself Cookbook for Kids: 60 Easy Plant-Based Recipes Kids Can Make to Stay Healthy and Save the Earth,28.77,Three,In stock,Food and Drink
"It's All Easy: Healthy, Delicious Weeknight Meals in under 30 Minutes",19.55,One,In stock,Food and Drink
Barefoot Contessa Back to Basics,28.01,One,In stock,Food and Drink
Barefoot Contessa at Home: Everyday Recipes You'll Make Over and Over Again,50.62,Five,In stock,Food and Drink
My Kitchen Year: 136 Recipes That Saved My Life,11.53,Two,In stock,Food and Drink
Everyday Italian: 125 Simple and Delicious Recipes,20.1,Five,In stock,Food and Drink
"A la Mode: 120 Recipes in 60 Pairings: Pies, Tarts, Cakes, Crisps, and More Topped with Ice Cream, Gelato, Frozen Custard, and More",38.77,One,In stock,Food and Drink
Cravings: Recipes for What You Want to Eat,20.5,Three,In stock,Food and Drink
"The Moosewood Cookbook: Recipes from Moosewood Restaurant, Ithaca, New York",12.34,Four,In stock,Food and Drink
32 Yolks,53.63,Two,In stock,Food and Drink
"Naturally Lean: 125 Nourishing Gluten-Free, Plant-Based Recipes--All Under 300 Calories",11.38,Five,In stock,Food and Drink
How to Cook Everything Vegetarian: Simple Meatless Recipes for Great Food (How to Cook Everything),46.01,Four,In stock,Food and Drink
How to Be a Domestic Goddess: Baking and the Art of Comfort Cooking,28.25,Two,In stock,Food and Drink
The Barefoot Contessa Cookbook,59.92,Five,In stock,Food and Drink
Better Homes and Gardens New Cook Book,39.61,Three,In stock,Food and Drink
The Power Greens Cookbook: 140 Delicious Superfood Recipes,11.05,Five,In stock,Food and Drink
Mexican Today: New and Rediscovered Recipes for Contemporary Kitchens,24.91,Five,In stock,Food and Drink
Vegan Vegetarian Omnivore: Dinner for Everyone at the Table,13.66,Two,In stock,Food and Drink
The Smitten Kitchen Cookbook,23.59,One,In stock,Food and Drink
"The Art of Simple Food: Notes, Lessons, and Recipes from a Delicious Revolution",34.32,Three,In stock,Food and Drink
Hungry Girl Clean & Hungry: Easy All-Natural Recipes for Healthy Eating in the Real World,33.14,Three,In stock,Food and Drink
